Reference, Quantity, Value, Footprint, Datasheet, Digi-Key #, Digi-Key LinkDigi LinkDigi-Key Link, Manufacturer, Manufacturer #
C1 C15 C9 C7 ,4,"1uF 16V X7R 10%","Capacitor_SMD:C_0603_1608Metric_Pad1.05x0.95mm_HandSolder","~"
C14 C13 ,2,"10uF 25V 20%","Capacitor_SMD:C_0603_1608Metric_Pad1.05x0.95mm_HandSolder","~"
C18 C19 ,2,"2pF 16V X7R 2%","Capacitor_SMD:C_0603_1608Metric_Pad1.05x0.95mm_HandSolder","~"
C2 C5 C10 C11 C17 C12 ,6,"0.1uF 16V X7R 10%","Capacitor_SMD:C_0603_1608Metric_Pad1.05x0.95mm_HandSolder","~"
C3 ,1,"10nF 16V X7R 10%","Capacitor_SMD:C_0603_1608Metric_Pad1.05x0.95mm_HandSolder","~"
C4 ,1,"2.2uF 16V X7R 10%","Capacitor_SMD:C_0603_1608Metric_Pad1.05x0.95mm_HandSolder","~"
C6 ,1,"0.47uF 16V X7R 10%","Capacitor_SMD:C_0603_1608Metric_Pad1.05x0.95mm_HandSolder","~"
C8 C16 ,2,"4.7uF 16V 20%","Capacitor_SMD:C_0603_1608Metric_Pad1.05x0.95mm_HandSolder","~"
D1 ,1,"LED_RGB","Custom:RGB_LED","~","1080-EAST1616RGBA4CT-ND","https://www.digikey.ca/en/products/detail/everlight-electronics-co-ltd/EAST1616RGBA4/11200796","Everlight Electronics Co Ltd","EAST1616RGBA4"
D3 D2 ,2,"Orange 1.9V 20mA","LED_SMD:LED_0603_1608Metric_Pad1.05x0.95mm_HandSolder","~"
D4 D5 ,2,"Green 2.2V 20mA","LED_SMD:LED_0603_1608Metric_Pad1.05x0.95mm_HandSolder","~"
D6 ,1,"SS1P3L","Custom:SS1P3L","~","MSS1P3LHM3_A/HGICT-ND","https://www.digikey.ca/en/products/detail/vishay-semiconductor-diodes-division/MSS1P3LHM3_A-H/7594340","Vishay Semiconductor Diodes Division","MSS1P3LHM3_A/H"
F1 ,1,"PTC 15V 500mA","Fuse:Fuse_1206_3216Metric_Pad1.42x1.75mm_HandSolder","~","283-3140-1-ND","https://www.digikey.ca/en/products/detail/eaton-electronics-division/PTS120615V050/2639137","Eaton - Electronics Division","PTS120615V050"
H1 H2 H3 H4 ,4,"M2","MountingHole:MountingHole_2.2mm_M2_ISO7380_Pad","~"
J1 ,1,"Power_In","Connector_JST:JST_GH_BM06B-GHS-TBT_1x06-1MP_P1.25mm_Vertical","~","455-1582-1-ND","https://www.digikey.ca/en/products/detail/jst-sales-america-inc/BM06B-GHS-TBT-LF-SN-N/807804","JST Sales America Inc.","BM06B-GHS-TBT(LF)(SN)(N)"
J2 ,1,"ESC_1","Connector_JST:JST_GH_BM04B-GHS-TBT_1x04-1MP_P1.25mm_Vertical","~","455-1580-1-ND","https://www.digikey.ca/en/products/detail/jst-sales-america-inc/BM04B-GHS-TBT-LF-SN-N/807802?s=N4IgTCBcDaIEIFkAMAWOBaA4gCQMroBU4CQBdAXyA","JST Sales America Inc.","BM04B-GHS-TBT(LF)(SN)(N)"
J3 ,1,"ESC_2","Connector_JST:JST_GH_BM04B-GHS-TBT_1x04-1MP_P1.25mm_Vertical","~","455-1580-1-ND","https://www.digikey.ca/en/products/detail/jst-sales-america-inc/BM04B-GHS-TBT-LF-SN-N/807802?s=N4IgTCBcDaIEIFkAMAWOBaA4gCQMroBU4CQBdAXyA","JST Sales America Inc.","BM04B-GHS-TBT(LF)(SN)(N)"
J4 ,1,"ESC_3","Connector_JST:JST_GH_BM04B-GHS-TBT_1x04-1MP_P1.25mm_Vertical","~","455-1580-1-ND","https://www.digikey.ca/en/products/detail/jst-sales-america-inc/BM04B-GHS-TBT-LF-SN-N/807802?s=N4IgTCBcDaIEIFkAMAWOBaA4gCQMroBU4CQBdAXyA","JST Sales America Inc.","BM04B-GHS-TBT(LF)(SN)(N)"
J5 ,1,"ESC_4","Connector_JST:JST_GH_BM04B-GHS-TBT_1x04-1MP_P1.25mm_Vertical","~","455-1580-1-ND","https://www.digikey.ca/en/products/detail/jst-sales-america-inc/BM04B-GHS-TBT-LF-SN-N/807802?s=N4IgTCBcDaIEIFkAMAWOBaA4gCQMroBU4CQBdAXyA","JST Sales America Inc.","BM04B-GHS-TBT(LF)(SN)(N)"
J6 ,1,"Receiver","Connector_JST:JST_GH_BM07B-GHS-TBT_1x07-1MP_P1.25mm_Vertical","~","455-1583-1-ND","https://www.digikey.ca/en/products/detail/jst-sales-america-inc/BM07B-GHS-TBT-LF-SN-N/807805?s=N4IgTCBcDaIEIFkAMB2OBaA4gCQMroBU4CQBdAXyA","JST Sales America Inc.","BM07B-GHS-TBT(LF)(SN)(N)"
J7 ,1,"Aux","Connector_JST:JST_GH_BM04B-GHS-TBT_1x04-1MP_P1.25mm_Vertical","~","455-1580-1-ND","https://www.digikey.ca/en/products/detail/jst-sales-america-inc/BM04B-GHS-TBT-LF-SN-N/807802?s=N4IgTCBcDaIEIFkAMAWOBaA4gCQMroBU4CQBdAXyA","JST Sales America Inc.","BM04B-GHS-TBT(LF)(SN)(N)"
J8 ,1,"USB_B_Micro","Connector_USB:USB_Micro-B_Molex-105017-0001","~","WM1399CT-ND","https://www.digikey.ca/en/products/detail/molex/1050170001/2350832","Molex","105017-0001"
J9 ,1,"ICSP","Connector_PinHeader_2.54mm:PinHeader_2x03_P2.54mm_Vertical","~"
Q1 Q2 ,2,"BSS138","Package_TO_SOT_SMD:SOT-23","","BSS138CT-ND","https://www.digikey.ca/en/products/detail/on-semiconductor/BSS138/244210","ON Semiconductor","BSS138"
R1 ,1,"3.2 kohm 1%","Resistor_SMD:R_0603_1608Metric_Pad1.05x0.95mm_HandSolder","~"
R10 R11 R12 R13 R14 R15 ,6,"10 kohm 5%","Resistor_SMD:R_0603_1608Metric_Pad1.05x0.95mm_HandSolder","~"
R16 R17 R22 ,3,"200 ohm 5%","Resistor_SMD:R_0603_1608Metric_Pad1.05x0.95mm_HandSolder","~"
R2 ,1,"2 kohm 1%","Resistor_SMD:R_0603_1608Metric_Pad1.05x0.95mm_HandSolder","~"
R21 R18 R19 ,3,"1 kohm 5%","Resistor_SMD:R_0603_1608Metric_Pad1.05x0.95mm_HandSolder","~"
R23 ,1,"1 Mohm 5%","Resistor_SMD:R_0603_1608Metric_Pad1.05x0.95mm_HandSolder","~"
R3 R5 ,2,"90 ohm 5%","Resistor_SMD:R_0603_1608Metric_Pad1.05x0.95mm_HandSolder","~"
R4 R20 ,2,"150 ohm 5%","Resistor_SMD:R_0603_1608Metric_Pad1.05x0.95mm_HandSolder","~"
R6 R7 R8 R9 ,4,"?? ohm 5%","Resistor_SMD:R_0603_1608Metric_Pad1.05x0.95mm_HandSolder","~"
SW1 ,1,"Reset","Custom:Switch","","CKN10361CT-ND","https://www.digikey.ca/en/products/detail/c-k/RS-187R05A2-DS-MT-RT/2747186?s=N4IgTCBcDaIMIGkByBGADAZgGwrgFQFokAREAXQF8g","C&K","RS-187R05A2-DS MT RT"
U1 ,1,"MCP6001U","Package_TO_SOT_SMD:SOT-23-5","","MCP6001UT-I/OTCT-ND","https://www.digikey.ca/en/products/detail/microchip-technology/MCP6001UT-I-OT/562450","Microchip Technology","MCP6001UT-I/OT"
U2 ,1,"ICM-20689","Package_DFN_QFN:QFN-24-1EP_4x4mm_P0.5mm_EP2.8x2.8mm","","1428-1059-1-ND","https://www.digikey.ca/en/products/detail/tdk-invensense/ICM-20689/5872869","TDK InvenSense","ICM-20689"
U3 ,1,"FT232RL","Package_SO:SSOP-28_5.3x10.2mm_P0.65mm","","768-1007-1-ND","https://www.digikey.ca/en/products/detail/ftdi-future-technology-devices-international-ltd/FT232RL-REEL/1836385","FTDI, Future Technology Devices International Ltd","FT232RL-REEL"
U4 ,1,"ATmega328P-AU","Package_QFP:TQFP-32_7x7mm_P0.8mm","","ATMEGA328P-AU-ND","https://www.digikey.ca/en/products/detail/microchip-technology/ATMEGA328P-AU/1832260","Microchip Technology","ATMEGA328P-AU"
U5 ,1,"LM1117-5.0","Package_TO_SOT_SMD:SOT-223","","LM1117IMP-5.0/NOPBCT-ND","https://www.digikey.ca/en/products/detail/texas-instruments/LM1117IMP-5-0-NOPB/482940","Texas Instruments","LM1117IMP-5.0/NOPB"
Y1 ,1,"16 MHz","Custom:Crystal","~","631-1108-ND","https://www.digikey.ca/en/products/detail/fox-electronics/FC4STCBMF16-0-BAG200/1024700?s=N4IgTCBcDaIGIHkAaBlAMnA9ARgGwAYBaMfEAXQF8g","Fox Electronics","FC4STCBMF16.0-BAG200"